제목,링크주소
"국정원 ""韓대학생 살해주범은 강남 학원 마약사건 총책의 공범""(종합2보)",https://v.daum.net/v/20251022162720237
"""계엄이 옳은가""에 ""적십자사 회장은 중립지켜야""…사퇴 요구 빗발쳐(종합)",https://v.daum.net/v/20251022161450616
“현금 없으면 청약도 포기할 판”…잔금 대출규제에 청약예정자들 어쩌나,https://v.daum.net/v/20251022151204446
중국의 '보유세 실험'이 李 정부에 시사하는 것들,https://v.daum.net/v/20251022141405166
[단독] 120억원 로맨스스캠 실체 확인한 경찰관… “총책이 직원들 이름 줄줄 불러줘”,https://v.daum.net/v/20251022134618850
"경기 남부에서 '캄보디아 실종 신고' 44건 접수…""15명 행적 확인 중""",https://v.daum.net/v/20251022134504816
"北, 美와 '깜짝 회동' 가능성에 미사일로 찬물…6년 전과 달라진 이유",https://v.daum.net/v/20251022124922147
"[단독] 사모운용사 해킹 피해 더 많다…""4곳은 고객 정보 유출 가능성""",https://v.daum.net/v/20251022115411749
법 바꾸고 채찍도 들었는데… 청년 노리는 허위매물 기승 부리는 이유,https://v.daum.net/v/20251022114013183
